{
    "camera_model": "OPENCV",
    "fl_x": 1650.3760691549342,
    "fl_y": 1646.6375030684876,
    "cx": 973.447559340817,
    "cy": 546.3457171679822,
    "w": 1920,
    "h": 1080,
    "k1": 0.1676407713057796,
    "k2": -0.16184784221394516,
    "p1": -0.0002805312037106212,
    "p2": 0.0016165866296924403,
    "k3": -0.9424013328108445,
    "square_size_mm": 25.0,
    "square_units": "mm"
}