{
    "model": "OPENCV",
    "height": 1080,
    "width": 1920,
    "intrinsics_matrix": [
        [
            4552.061538812997,
            0.0,
            906.8868961244029
        ],
        [
            0.0,
            7402.443945170091,
            585.0094102845464
        ],
        [
            0.0,
            0.0,
            1.0
        ]
    ],
    "distortion_coefficients": [
        [
            -29.79764108115164,
            -3250.7790775102067,
            1.3523103689097113,
            -0.8743049750753535,
            242253.55982850018
        ]
    ]
}