{
    "camera": {
        "model": "OPENCV",
        "height": 1920,
        "width": 1080,
        "intrinsics_matrix": [
            [ 1276.4903141285974,    0.0000000000000,  960.0000000000000],
            [    0.0000000000000, 1280.0123861652642,  540.0000000000000],
            [    0.0000000000000,    0.0000000000000,    1.0000000000000]
        ],
        "distortion_coefficients": [
                -0.0025672525923397162,
                 0.0004153452248695941,
                -0.0004294158956792972,
                -0.0000632597307083280
            ]
    },
    "extractor": {
        "num_images": 300,
        "num_marked": 20,
        "marker_length": 0.341,
        "marker_id": 0
    },
    "mode": "rgb"
}