{
    "camera": {
        "model": "OPENCV",
        "height": 1920,
        "width": 1080,
        "intrinsics_matrix": [
            [ 1760.9832591726715,    0.0000000000000,  540.0000000000000],
            [    0.0000000000000, 1798.0121991994213,  960.0000000000000],
            [    0.0000000000000,    0.0000000000000,    1.0000000000000]
        ],
        "distortion_coefficients": [
             0.07276913764085093,
            -0.12543604684390305,
            -0.00899665372990801,
             0.00196328066035148
            ]
    },
    "extractor": {
        "num_images": 300,
        "num_marked": 20,
        "marker_length": 0.341,
        "marker_id": 0
    }
}