{   
    "mass": 1.144,
    "massless_inertia": [0.019416,0.019416,0.036816],
    "arm_front": [0.075,0.100],
    "arm_back" : [0.075,0.100],
    "force_normalized" : 6.90,
    "torque_gain": 0.040,
    "number_of_rotors": 4,
    "camera_to_body_transform":
    [
        [ 0.00000,  0.00000, -1.00000,  0.10000],
        [ 1.00000,  0.00000,  0.00000, -0.03000],
        [ 0.00000, -1.00000,  0.00000, -0.01000],
        [ 0.00000,  0.00000,  0.00000,  1.00000]
    ],
    "camera":
    {   
        "height": 360,
        "width": 640,
        "channels": 3,
        "fx": 462.956,
        "fy": 463.002,
        "cx": 323.076,
        "cy": 181.184
    }
}